{
  "coeffs": [
    -1.0931126163782139,
    1.0142259370432933,
    -1.0477556047998453,
    0.858622175244097,
    -0.48907928876824336,
    0.21540750959054433,
    -0.07573939623393144,
    -0.021618662087940388,
    0.07109338540482235,
    -0.08780256922527996,
    0.05775956632430601,
    0.00544445395960802,
    -0.007087499197953651,
    -0.015769750503284774,
    0.010772827783379013,
    -0.02395203057240955,
    0.055430445126282896,
    -0.051951359491540214,
    0.03265295355795653,
    -0.03468326899990558,
    0.019961781650479245,
    0.004168585404358209,
    -0.0025789204729128948,
    0.026512794471490003
  ],
  "tone_amp": 0.3218650383149574,
  "noise_amp": 0.0
}