{
  "formants": {
    "2756250.0": 0.1159021580699809,
    "3946950.0": 0.056799149623086465,
    "418950.0": 0.03344530771069068,
    "9459450.0": 0.006122651759055274,
    "11399850.0": 0.0023568517455893625
  },
  "tone_amp": 0.22600540199643676,
  "noise_amp": 0.05227089876021292
}