{
  "formants": {
    "3505950.0": 0.0881368548196262,
    "418950.0": 0.030059075301723807,
    "5446350.0": 0.021888245759440723,
    "10473750.0": 0.014237472690145693,
    "4299750.0": 0.011172809217551993
  },
  "tone_amp": 0.15096339066607978,
  "noise_amp": 0.05633241093170028
}