{
  "fir": [
    0.224273681640625,
    0.198394775390625,
    0.17242431640625,
    0.150115966796875,
    0.127197265625,
    0.105010986328125,
    0.085418701171875,
    0.063751220703125,
    0.043853759765625,
    0.02606201171875,
    0.009033203125,
    -0.006195068359375,
    -0.0198974609375,
    -0.03375244140625,
    -0.04779052734375,
    -0.063751220703125,
    -0.078582763671875,
    -0.094451904296875,
    -0.114776611328125,
    -0.133819580078125,
    -0.154388427734375,
    -0.18463134765625,
    -0.21368408203125,
    -0.232666015625,
    -0.25,
    -0.266448974609375,
    -0.27178955078125,
    -0.265106201171875,
    -0.255645751953125,
    -0.223236083984375,
    -0.14715576171875,
    -0.06549072265625,
    -0.00042724609375,
    0.080780029296875,
    0.152496337890625,
    0.17352294921875,
    0.203765869140625,
    0.265380859375,
    0.29833984375,
    0.30712890625,
    0.331634521484375,
    0.329803466796875,
    0.28607177734375,
    0.261474609375,
    0.26788330078125,
    0.266326904296875,
    0.271575927734375,
    0.295928955078125,
    0.2958984375,
    0.268035888671875,
    0.255218505859375,
    0.248046875,
    0.224517822265625,
    0.207794189453125,
    0.190521240234375,
    0.14459228515625,
    0.085357666015625,
    0.03216552734375,
    -0.026123046875,
    -0.07830810546875,
    -0.102386474609375,
    -0.10797119140625,
    -0.118682861328125,
    -0.126434326171875
  ],
  "tone_amp": 0.07292186529498819,
  "noise_amp": 0.008664740732070964
}