{
  "coeffs": [
    -1.2339960312158325,
    1.4100019757067805,
    -1.516738394853675,
    1.375770418344785,
    -1.1674011127114041,
    0.9433608853175482,
    -0.6759263973471616,
    0.43625452612997545,
    -0.269208064958481,
    0.12509040286574277,
    -0.02382315739116951,
    -0.03155797246948581,
    0.10266808262300961,
    -0.13727452397223533,
    0.12129995384479633,
    -0.11046111607642219,
    0.08717625320776409,
    -0.047650678211978145,
    0.01764409294592785,
    0.00047204848770017113,
    -0.010272381370959746,
    0.009015823004686101,
    -0.0026029000784035137,
    0.029529760587273596
  ],
  "tone_amp": 0.20681415842771542,
  "noise_amp": 0.0
}