{
  "fir": [
    0.03369140625,
    0.017608642578125,
    0.009368896484375,
    0.00244140625,
    -0.010040283203125,
    -0.017547607421875,
    -0.01763916015625,
    -0.021942138671875,
    -0.027374267578125,
    -0.025054931640625,
    -0.02520751953125,
    -0.032958984375,
    -0.032501220703125,
    -0.02532958984375,
    -0.02490234375,
    -0.02392578125,
    -0.0166015625,
    -0.0128173828125,
    -0.013641357421875,
    -0.00946044921875,
    -0.002838134765625,
    -0.00152587890625,
    0.0013427734375,
    0.009368896484375,
    0.014251708984375,
    0.01446533203125,
    0.016448974609375,
    0.0179443359375,
    0.018341064453125,
    0.02099609375,
    0.02447509765625,
    0.023895263671875,
    0.02032470703125,
    0.015350341796875,
    0.007781982421875,
    -0.001800537109375,
    -0.00799560546875,
    -0.01214599609375,
    -0.016387939453125,
    -0.017608642578125,
    -0.0198974609375,
    -0.030120849609375,
    -0.04022216796875,
    -0.044830322265625,
    -0.05169677734375,
    -0.060272216796875,
    -0.06329345703125,
    -0.069244384765625,
    -0.080963134765625,
    -0.082061767578125,
    -0.080474853515625,
    -0.09002685546875,
    -0.09527587890625,
    -0.0938720703125,
    -0.103973388671875,
    -0.109527587890625,
    -0.098876953125,
    -0.09539794921875,
    -0.100189208984375,
    -0.096466064453125,
    -0.095977783203125,
    -0.106292724609375,
    -0.105926513671875,
    -0.090667724609375
  ],
  "tone_amp": 0.11914886088520309,
  "noise_amp": 0.006673719907743807
}