{
  "formants": {
    "1962450.0": 0.07638137563497636,
    "418950.0": 0.029299608317420265,
    "6989850.0": 0.009989753950109497,
    "9679950.0": 0.0092854039380277,
    "44100.0": 0.0032052017160199516
  },
  "tone_amp": 0.15497155086295963,
  "noise_amp": 0.04160564451527517
}