{
  "coeffs": [
    -1.224226046629183,
    1.3082379510550268,
    -1.307581110683004,
    1.1331776303725016,
    -0.8948457516809819,
    0.6606530864035732,
    -0.44661330728011095,
    0.253452116592505,
    -0.12183379052309198,
    0.020369205050882938,
    0.05476235781703774,
    -0.09228701234948314,
    0.12912602541511836,
    -0.11942231138639905,
    0.07769102132714897,
    -0.04827637457699325,
    0.01327570727059587,
    0.028084345956834893,
    -0.05291761115355166,
    0.04680614577825984,
    -0.03200585990804609,
    0.02000062520226808,
    -0.006460378113470125,
    0.0292982045065298
  ],
  "tone_amp": 0.24410918090149636,
  "noise_amp": 0.0
}