{
  "fir": [
    0.004852294921875,
    -0.00341796875,
    0.00225830078125,
    0.01116943359375,
    0.014312744140625,
    0.0172119140625,
    0.02166748046875,
    0.028076171875,
    0.028778076171875,
    0.0191650390625,
    0.01446533203125,
    0.005889892578125,
    -0.02447509765625,
    -0.05889892578125,
    -0.08355712890625,
    -0.105499267578125,
    -0.13433837890625,
    -0.164520263671875,
    -0.185150146484375,
    -0.209136962890625,
    -0.230926513671875,
    -0.223724365234375,
    -0.207550048828125,
    -0.203765869140625,
    -0.1949462890625,
    -0.171417236328125,
    -0.145843505859375,
    -0.14178466796875,
    -0.147552490234375,
    -0.13433837890625,
    -0.130401611328125,
    -0.146209716796875,
    -0.15277099609375,
    -0.15838623046875,
    -0.162628173828125,
    -0.1571044921875,
    -0.156707763671875,
    -0.1510009765625,
    -0.13232421875,
    -0.11676025390625,
    -0.0941162109375,
    -0.061187744140625,
    -0.0277099609375,
    0.0006103515625,
    0.02728271484375,
    0.06060791015625,
    0.08843994140625,
    0.098358154296875,
    0.10687255859375,
    0.111175537109375,
    0.099273681640625,
    0.0794677734375,
    0.06707763671875,
    0.069183349609375,
    0.0682373046875,
    0.05865478515625,
    0.064117431640625,
    0.081573486328125,
    0.100677490234375,
    0.123382568359375,
    0.152130126953125,
    0.186126708984375,
    0.21240234375,
    0.2314453125
  ],
  "tone_amp": 0.08657867448015157,
  "noise_amp": 0.006243640691999826
}