{
  "coeffs": [
    -1.2454759970364053,
    1.341187246392453,
    -1.454201484670674,
    1.3455653439721547,
    -0.992755289753896,
    0.5798261839043753,
    -0.21293849328397496,
    -0.09679180188537384,
    0.283359182177954,
    -0.34624259243905364,
    0.30005589302604274,
    -0.167105069860148,
    0.051587900091272954,
    0.03241603614530922,
    -0.09816418273808968,
    0.11465345675592735,
    -0.08838161672379923,
    0.06130305592522749,
    -0.047930615526280085,
    0.021261683001770164,
    0.002896202525150618,
    -0.0034455003955111696,
    0.00033869568475478583,
    0.02726704445894846
  ],
  "tone_amp": 0.27058633294701634,
  "noise_amp": 0.0
}