{
  "fir": [
    0.101837158203125,
    0.093231201171875,
    0.07916259765625,
    0.05780029296875,
    0.0313720703125,
    0.00042724609375,
    -0.03289794921875,
    -0.07080078125,
    -0.109161376953125,
    -0.14019775390625,
    -0.16729736328125,
    -0.19134521484375,
    -0.2095947265625,
    -0.221343994140625,
    -0.22296142578125,
    -0.214508056640625,
    -0.20050048828125,
    -0.18243408203125,
    -0.16082763671875,
    -0.140838623046875,
    -0.1265869140625,
    -0.120513916015625,
    -0.122161865234375,
    -0.12982177734375,
    -0.14288330078125,
    -0.15557861328125,
    -0.1650390625,
    -0.169281005859375,
    -0.15740966796875,
    -0.132476806640625,
    -0.1202392578125,
    -0.110931396484375,
    -0.08721923828125,
    -0.066497802734375,
    -0.042724609375,
    -0.0045166015625,
    0.024169921875,
    0.042755126953125,
    0.067840576171875,
    0.0946044921875,
    0.118865966796875,
    0.143402099609375,
    0.173919677734375,
    0.199676513671875,
    0.206298828125,
    0.21417236328125,
    0.22711181640625,
    0.232330322265625,
    0.24212646484375,
    0.252166748046875,
    0.252105712890625,
    0.25921630859375,
    0.274658203125,
    0.28924560546875,
    0.3023681640625,
    0.30450439453125,
    0.2978515625,
    0.287628173828125,
    0.270050048828125,
    0.253448486328125,
    0.237091064453125,
    0.2149658203125,
    0.194580078125,
    0.170928955078125
  ],
  "tone_amp": 0.10353216009676745,
  "noise_amp": 0.006819796662131035
}