{
  "formants": {
    "2359350.0": 0.08746233559651861,
    "815850.0": 0.03445079468695199,
    "6284250.0": 0.021792221064552433,
    "10209150.0": 0.012591786734244806,
    "8621550.0": 0.003196652798445432
  },
  "tone_amp": 0.18786905754521963,
  "noise_amp": 0.04842585603006315
}