{
  "fir": [
    -0.00506591796875,
    -0.004547119140625,
    -0.009063720703125,
    -0.01190185546875,
    -0.017333984375,
    -0.01971435546875,
    -0.015045166015625,
    -0.017791748046875,
    -0.023712158203125,
    -0.022003173828125,
    -0.019134521484375,
    -0.023651123046875,
    -0.024139404296875,
    -0.020294189453125,
    -0.019744873046875,
    -0.015472412109375,
    -0.008209228515625,
    -0.00030517578125,
    0.00653076171875,
    0.00701904296875,
    0.009796142578125,
    0.017852783203125,
    0.017913818359375,
    0.0146484375,
    0.0169677734375,
    0.010406494140625,
    0.00018310546875,
    -0.007843017578125,
    -0.021453857421875,
    -0.027191162109375,
    -0.028228759765625,
    -0.032989501953125,
    -0.030670166015625,
    -0.024658203125,
    -0.02056884765625,
    -0.0159912109375,
    -0.0029296875,
    0.006500244140625,
    0.012451171875,
    0.030487060546875,
    0.034637451171875,
    0.023345947265625,
    0.017578125,
    0.00555419921875,
    -0.009613037109375,
    -0.0191650390625,
    -0.032958984375,
    -0.04840087890625,
    -0.053466796875,
    -0.0537109375,
    -0.05743408203125,
    -0.053253173828125,
    -0.047027587890625,
    -0.04193115234375,
    -0.02978515625,
    -0.020782470703125,
    -0.0233154296875,
    -0.02520751953125,
    -0.02691650390625,
    -0.0357666015625,
    -0.04608154296875,
    -0.061187744140625,
    -0.067657470703125,
    -0.065826416015625
  ],
  "tone_amp": 0.06806476950062604,
  "noise_amp": 0.0023505860003014685
}