{
  "fir": [
    0.004974365234375,
    -0.002838134765625,
    -0.017242431640625,
    -0.016571044921875,
    0.035125732421875,
    0.0439453125,
    -0.00079345703125,
    -0.041778564453125,
    0.009063720703125,
    -0.012481689453125,
    -0.002410888671875,
    0.017364501953125,
    0.034881591796875,
    -0.015838623046875,
    -0.01751708984375,
    0.035064697265625,
    0.00506591796875,
    -0.034698486328125,
    -0.011199951171875,
    -0.025543212890625,
    0.02862548828125,
    0.007781982421875,
    0.016876220703125,
    0.004302978515625,
    0.007049560546875,
    0.038818359375,
    0.020355224609375,
    0.01446533203125,
    -0.03082275390625,
    -0.01348876953125,
    0.01727294921875,
    -0.026580810546875,
    -0.05401611328125,
    -0.001617431640625,
    -0.000244140625,
    -0.021759033203125,
    0.032958984375,
    0.014556884765625,
    0.009033203125,
    0.05767822265625,
    0.03851318359375,
    0.007965087890625,
    0.023590087890625,
    -0.03326416015625,
    -0.016571044921875,
    0.003631591796875,
    -0.04315185546875,
    -0.01611328125,
    -0.022125244140625,
    -0.000762939453125,
    -0.013214111328125,
    0.006072998046875,
    0.03509521484375,
    0.050567626953125,
    0.023681640625,
    -0.017181396484375,
    0.043304443359375,
    -0.0068359375,
    -0.019439697265625,
    0.002899169921875,
    -0.02423095703125,
    0.01385498046875,
    -0.01544189453125,
    -0.047149658203125
  ],
  "tone_amp": 0.0032775925802231154,
  "noise_amp": 0.013573785242762674
}