{
  "coeffs": [
    -0.0687665144034125,
    0.18163227237069443,
    -0.07615395394112823,
    0.16999551954863204,
    0.00043540345831136196,
    0.13344904636791904,
    0.0016630107210340792,
    0.06380602101454404,
    0.015693672003325734,
    0.03300451911113264,
    -0.008801210808782059,
    0.003806387763647742,
    -0.010287783834523247,
    -0.007649622166815624,
    -0.003006297987377945,
    -0.0037545341017396804,
    -0.013321130468280764,
    -0.011545946021249757,
    -0.028728034552922943,
    -0.013667242457952521,
    -0.024743944227106907,
    0.008056929235943009,
    -0.04111556529538045,
    0.009906027475164296
  ],
  "tone_amp": 0.0,
  "noise_amp": 0.03287991010906669
}