{
  "formants": {
    "57087450.0": 0.0015562224961390171,
    "58807350.0": 0.0015319490193510994,
    "55676250.0": 0.0014909301600253126,
    "14089950.0": 0.0014200799023481763,
    "56558250.0": 0.0013877416323837097
  },
  "tone_amp": 0.005110155117154666,
  "noise_amp": 0.03768982942991743
}