{
  "coeffs": [
    -1.2183867304689824,
    0.72051643385634,
    0.06624200921945378,
    -0.504048546372065,
    0.3680206346764696,
    0.03334145318069781,
    -0.2434319770942276,
    0.1243001444551155,
    0.0776985993690591,
    -0.11543216059522987,
    0.016793698335868634,
    0.053734500518559755,
    -0.03506730095735466,
    -0.014597922271714053,
    0.029386212013713102,
    -0.0007694572769575136,
    -0.02137015523627618,
    0.007796431762008451,
    0.010424980324167533,
    -0.009410142441055785,
    -0.0013063591988684634,
    0.0030815667877241645,
    -0.0004887605837163057,
    0.025744950890221968
  ],
  "tone_amp": 0.0,
  "noise_amp": 0.02162199318970142
}