{
  "formants": {
    "2976750.0": 0.004206733824398045,
    "10473750.0": 0.0037267158942108796,
    "3461850.0": 0.003646443767976098,
    "5181750.0": 0.0032048395639606574,
    "11929050.0": 0.002065125479513791
  },
  "tone_amp": 0.007006650646118334,
  "noise_amp": 0.024209539408213486
}