{
  "fir": [
    -0.038055419921875,
    -0.03851318359375,
    -0.033660888671875,
    -0.027801513671875,
    -0.021514892578125,
    -0.01214599609375,
    0.00054931640625,
    0.01043701171875,
    0.012054443359375,
    0.00738525390625,
    0.002044677734375,
    -0.00201416015625,
    -0.005584716796875,
    -0.006011962890625,
    -0.00164794921875,
    0.000762939453125,
    -0.004180908203125,
    -0.01177978515625,
    -0.012237548828125,
    -0.006561279296875,
    -0.000213623046875,
    0.00628662109375,
    0.017425537109375,
    0.029541015625,
    0.036956787109375,
    0.03851318359375,
    0.03863525390625,
    0.037109375,
    0.03399658203125,
    0.03173828125,
    0.031005859375,
    0.028839111328125,
    0.02325439453125,
    0.01702880859375,
    0.01214599609375,
    0.009063720703125,
    0.00689697265625,
    0.00433349609375,
    -0.001007080078125,
    -0.00799560546875,
    -0.010467529296875,
    -0.00506591796875,
    0.003662109375,
    0.008453369140625,
    0.007232666015625,
    0.00140380859375,
    -0.00616455078125,
    -0.0115966796875,
    -0.012908935546875,
    -0.01202392578125,
    -0.012451171875,
    -0.014068603515625,
    -0.016082763671875,
    -0.01806640625,
    -0.0203857421875,
    -0.024383544921875,
    -0.031494140625,
    -0.03778076171875,
    -0.03509521484375,
    -0.022216796875,
    -0.00726318359375,
    0.00360107421875,
    0.014312744140625,
    0.02337646484375
  ],
  "tone_amp": 0.0023201183178224094,
  "noise_amp": 0.008482364601317021
}