{
  "formants": {
    "2006550.0": 0.1028115149508528,
    "418950.0": 0.033177973755324136,
    "7122150.0": 0.01039118081750859,
    "10297350.0": 0.006677923429705303,
    "8709750.0": 0.0026438607328523327
  },
  "tone_amp": 0.16343378096180922,
  "noise_amp": 0.032052589971825585
}