{
  "fir": [
    0.286712646484375,
    0.2711181640625,
    0.252655029296875,
    0.23077392578125,
    0.2049560546875,
    0.1722412109375,
    0.140289306640625,
    0.118896484375,
    0.09149169921875,
    0.0526123046875,
    0.037841796875,
    0.03839111328125,
    0.01617431640625,
    -0.004913330078125,
    -0.023529052734375,
    -0.05340576171875,
    -0.081146240234375,
    -0.11297607421875,
    -0.140655517578125,
    -0.15283203125,
    -0.167449951171875,
    -0.187164306640625,
    -0.200225830078125,
    -0.21954345703125,
    -0.24078369140625,
    -0.2349853515625,
    -0.21826171875,
    -0.21044921875,
    -0.197296142578125,
    -0.178619384765625,
    -0.16339111328125,
    -0.162841796875,
    -0.1689453125,
    -0.165069580078125,
    -0.15899658203125,
    -0.16351318359375,
    -0.180389404296875,
    -0.199798583984375,
    -0.22076416015625,
    -0.2425537109375,
    -0.266021728515625,
    -0.289398193359375,
    -0.29632568359375,
    -0.28985595703125,
    -0.2779541015625,
    -0.257293701171875,
    -0.23089599609375,
    -0.19964599609375,
    -0.15478515625,
    -0.10455322265625,
    -0.066925048828125,
    -0.028076171875,
    0.015625,
    0.046234130859375,
    0.060394287109375,
    0.0621337890625,
    0.059326171875,
    0.061309814453125,
    0.063873291015625,
    0.06451416015625,
    0.0693359375,
    0.07763671875,
    0.082489013671875,
    0.088348388671875
  ],
  "tone_amp": 0.10631310182768591,
  "noise_amp": 0.004541785394288005
}