{
  "coeffs": [
    -1.1207257588275414,
    1.3217533825424934,
    -1.4382344037369335,
    1.3453389131443954,
    -1.2544064762681093,
    1.107618095145921,
    -0.8891157005118014,
    0.6926140471397448,
    -0.5352473882851504,
    0.35528523284253666,
    -0.20398078044486034,
    0.08831139161632985,
    0.025872238223654198,
    -0.058307463179390714,
    0.061739890387218915,
    -0.07532530356091979,
    0.056373545491025204,
    -0.027021457433387575,
    0.006594497699136882,
    0.0010539064532451934,
    -0.004565754688705223,
    0.005856352996849229,
    -0.0022071720989707624,
    0.03373936538641385
  ],
  "tone_amp": 0.2598461889762994,
  "noise_amp": 0.0
}