{
  "coeffs": [
    -0.7207406223002186,
    0.30799652895510515,
    -0.03885608299964144,
    -0.04686161049002929,
    0.08568540894913557,
    -0.12594014258447814,
    0.10534680931134374,
    -0.09694573303038259,
    -0.007703745966742032,
    0.08821337717812384,
    -0.10377465263495675,
    0.05773508719235047,
    0.012925021771847442,
    -0.07816279436929013,
    0.05368429857236508,
    0.00280695407604456,
    -0.005373587020150131,
    0.0031092095932805514,
    -0.005350796363808672,
    0.03213290911461377,
    -0.023525532760737065,
    0.005106317308471973,
    -0.0028526769512865237,
    0.03300480619877841
  ],
  "tone_amp": 0.17187631195025396,
  "noise_amp": 0.0
}