{
  "formants": {
    "1653750.0": 0.05840619366320786,
    "815850.0": 0.019557535133813832,
    "3285450.0": 0.0119354788491638,
    "66150.0": 0.0035148080263304195,
    "21057750.0": 0.001077791037814424
  },
  "tone_amp": 0.10193297102811807,
  "noise_amp": 0.013967703216566861
}