{
  "fir": [
    -0.079833984375,
    -0.084869384765625,
    -0.087860107421875,
    -0.08917236328125,
    -0.093414306640625,
    -0.097869873046875,
    -0.100006103515625,
    -0.102935791015625,
    -0.104156494140625,
    -0.103912353515625,
    -0.105865478515625,
    -0.10760498046875,
    -0.11224365234375,
    -0.119964599609375,
    -0.124176025390625,
    -0.12396240234375,
    -0.120269775390625,
    -0.11578369140625,
    -0.116424560546875,
    -0.123199462890625,
    -0.130340576171875,
    -0.13507080078125,
    -0.134521484375,
    -0.12969970703125,
    -0.1229248046875,
    -0.11737060546875,
    -0.119842529296875,
    -0.12799072265625,
    -0.13372802734375,
    -0.1343994140625,
    -0.12890625,
    -0.12249755859375,
    -0.121429443359375,
    -0.12249755859375,
    -0.124664306640625,
    -0.127288818359375,
    -0.128021240234375,
    -0.1280517578125,
    -0.127288818359375,
    -0.122039794921875,
    -0.11962890625,
    -0.121337890625,
    -0.122039794921875,
    -0.12286376953125,
    -0.122222900390625,
    -0.1204833984375,
    -0.1217041015625,
    -0.12261962890625,
    -0.121917724609375,
    -0.1229248046875,
    -0.123321533203125,
    -0.12591552734375,
    -0.13079833984375,
    -0.132659912109375,
    -0.132537841796875,
    -0.13458251953125,
    -0.135040283203125,
    -0.135589599609375,
    -0.135711669921875,
    -0.137359619140625,
    -0.14251708984375,
    -0.146881103515625,
    -0.14605712890625,
    -0.14093017578125
  ],
  "tone_amp": 0.06812464017089707,
  "noise_amp": 0.0018485309866221075
}