{
  "formants": {
    "815850.0": 0.040707891905925164,
    "88200.0": 0.003952917103202356,
    "4828950.0": 0.0008560524549832293,
    "10517850.0": 0.0007597906660745888,
    "15633450.0": 0.00032542293339923666
  },
  "tone_amp": 0.07105463415965087,
  "noise_amp": 0.0069819145127266394
}