{
  "fir": [
    0.0382080078125,
    0.0391845703125,
    0.040283203125,
    0.040679931640625,
    0.041748046875,
    0.042633056640625,
    0.043792724609375,
    0.044677734375,
    0.045501708984375,
    0.04644775390625,
    0.047698974609375,
    0.048553466796875,
    0.048919677734375,
    0.049041748046875,
    0.04962158203125,
    0.050140380859375,
    0.050689697265625,
    0.0513916015625,
    0.0521240234375,
    0.053497314453125,
    0.054901123046875,
    0.056060791015625,
    0.0567626953125,
    0.05706787109375,
    0.057403564453125,
    0.057342529296875,
    0.057098388671875,
    0.056640625,
    0.056396484375,
    0.056304931640625,
    0.056732177734375,
    0.056884765625,
    0.056854248046875,
    0.056640625,
    0.056793212890625,
    0.056610107421875,
    0.055908203125,
    0.055267333984375,
    0.054595947265625,
    0.05438232421875,
    0.05426025390625,
    0.054046630859375,
    0.05377197265625,
    0.0533447265625,
    0.053314208984375,
    0.052642822265625,
    0.051727294921875,
    0.050537109375,
    0.049774169921875,
    0.0491943359375,
    0.0489501953125,
    0.048797607421875,
    0.048675537109375,
    0.04876708984375,
    0.04888916015625,
    0.0487060546875,
    0.047882080078125,
    0.046478271484375,
    0.04547119140625,
    0.044036865234375,
    0.0428466796875,
    0.041290283203125,
    0.040435791015625,
    0.039459228515625
  ],
  "tone_amp": 0.052121121575210295,
  "noise_amp": 0.0009658423918334229
}