{
  "coeffs": [
    0.008277549519274258,
    -0.4476395306547214,
    -0.05654505119968224,
    -0.023379181168199592,
    -0.04641723297668651,
    0.1320028807767003,
    0.1494194043070018,
    0.03181709822578216,
    -0.10280119090226358,
    -0.11757375010030882,
    -0.01525980434707186,
    0.05529523326302774,
    0.048123187440942794,
    0.017427894548303915,
    -0.007022470172733053,
    -0.02951762061657289,
    -0.02059145952983142,
    0.019058596511606414,
    0.012832031075307303,
    -0.02062894162385421,
    0.010748418160261397,
    0.0047499976899506025,
    -0.0013138908711683994,
    0.03994558605273111
  ],
  "tone_amp": 0.1391307746498559,
  "noise_amp": 0.0
}