{
  "coeffs": [
    0.028975825463671584,
    -0.43435566099487144,
    -0.10011508084853815,
    -0.02511744703365426,
    0.0035669967411094405,
    0.1827219336176556,
    0.09934017886009555,
    -0.050583449401756145,
    -0.09745966935972972,
    -0.0630513397840715,
    0.033660647397447674,
    0.04635560961738472,
    0.009478162013139918,
    -0.003648530534371461,
    -0.013383596297562805,
    -0.001895014611222011,
    -0.0035876047414863943,
    0.003679379290333941,
    0.008811897797814446,
    -0.013786766398569794,
    0.006206120224932145,
    -0.0013272150793884607,
    0.0060243252365024735,
    0.040037419865094064
  ],
  "tone_amp": 0.12677279218882068,
  "noise_amp": 0.0
}