{
  "formants": {
    "815850.0": 0.04000038491847455,
    "66150.0": 0.0025300066673970174,
    "5666850.0": 0.0008487352081938335,
    "3285450.0": 0.0006737611466526382,
    "11488050.0": 0.0005641623457304537
  },
  "tone_amp": 0.08164447134322167,
  "noise_amp": 0.004842794863806078
}