{
  "fir": [
    -0.123809814453125,
    -0.1209716796875,
    -0.117828369140625,
    -0.114501953125,
    -0.110595703125,
    -0.106842041015625,
    -0.10296630859375,
    -0.09918212890625,
    -0.095489501953125,
    -0.092132568359375,
    -0.08837890625,
    -0.0855712890625,
    -0.082489013671875,
    -0.07989501953125,
    -0.07696533203125,
    -0.074493408203125,
    -0.071685791015625,
    -0.069000244140625,
    -0.0655517578125,
    -0.0621337890625,
    -0.058013916015625,
    -0.053802490234375,
    -0.0487060546875,
    -0.04327392578125,
    -0.0377197265625,
    -0.0318603515625,
    -0.026092529296875,
    -0.02032470703125,
    -0.014923095703125,
    -0.009674072265625,
    -0.005218505859375,
    -0.00048828125,
    0.00335693359375,
    0.007232666015625,
    0.0107421875,
    0.014251708984375,
    0.01727294921875,
    0.020904541015625,
    0.024017333984375,
    0.02728271484375,
    0.03070068359375,
    0.033538818359375,
    0.036590576171875,
    0.03936767578125,
    0.0419921875,
    0.044342041015625,
    0.04669189453125,
    0.048980712890625,
    0.051055908203125,
    0.05316162109375,
    0.0555419921875,
    0.0576171875,
    0.060302734375,
    0.062744140625,
    0.065338134765625,
    0.06805419921875,
    0.070709228515625,
    0.07330322265625,
    0.075714111328125,
    0.078216552734375,
    0.079986572265625,
    0.082183837890625,
    0.08367919921875,
    0.085205078125
  ],
  "tone_amp": 0.06583049863983578,
  "noise_amp": 0.0007057522150751422
}