{
  "coeffs": [
    0.2267730097139955,
    -0.4765064239214252,
    -0.2515051107875026,
    0.0899461123415195,
    0.07492224762473014,
    -0.000309384496683128,
    0.019772591040498173,
    0.05779325315671987,
    -0.05493501339388992,
    -0.05763879708166284,
    0.08880992728073661,
    0.05450102955383894,
    -0.0523040626246255,
    -0.048727688752676454,
    -0.020568031396418045,
    0.016503628420291797,
    0.01932161426657906,
    0.0014850821133726658,
    0.016946078387127892,
    0.0029747344867340794,
    -0.01588874707159861,
    -0.01925305204949568,
    0.02412225283291594,
    0.042981863378742026
  ],
  "tone_amp": 0.1111363629411063,
  "noise_amp": 0.0
}