{
  "formants": {
    "815850.0": 0.038729310660417834,
    "2447550.0": 0.004740922916281929,
    "10914750.0": 0.0020420401017687013,
    "66150.0": 0.0019414629134641241,
    "4035150.0": 0.0006052420129321037
  },
  "tone_amp": 0.0705779497489352,
  "noise_amp": 0.0043228317955397635
}