{
  "fir": [
    0.0716552734375,
    0.06988525390625,
    0.0682373046875,
    0.066070556640625,
    0.064056396484375,
    0.061676025390625,
    0.05950927734375,
    0.057220458984375,
    0.055023193359375,
    0.052947998046875,
    0.050567626953125,
    0.048614501953125,
    0.046173095703125,
    0.0439453125,
    0.041473388671875,
    0.039154052734375,
    0.036865234375,
    0.034393310546875,
    0.032012939453125,
    0.029388427734375,
    0.026947021484375,
    0.02423095703125,
    0.021759033203125,
    0.019073486328125,
    0.016571044921875,
    0.013916015625,
    0.01123046875,
    0.008453369140625,
    0.005615234375,
    0.002899169921875,
    -0.0001220703125,
    -0.002777099609375,
    -0.0059814453125,
    -0.008636474609375,
    -0.01177978515625,
    -0.014556884765625,
    -0.01727294921875,
    -0.01995849609375,
    -0.02227783203125,
    -0.0245361328125,
    -0.026885986328125,
    -0.0289306640625,
    -0.03155517578125,
    -0.03375244140625,
    -0.036712646484375,
    -0.039215087890625,
    -0.042327880859375,
    -0.04522705078125,
    -0.04840087890625,
    -0.05120849609375,
    -0.054229736328125,
    -0.056610107421875,
    -0.058746337890625,
    -0.060455322265625,
    -0.061614990234375,
    -0.06298828125,
    -0.0635986328125,
    -0.064666748046875,
    -0.0653076171875,
    -0.0665283203125,
    -0.067840576171875,
    -0.069244384765625,
    -0.071380615234375,
    -0.073638916015625
  ],
  "tone_amp": 0.05695295549581335,
  "noise_amp": 0.0005857004411614632
}