{
  "coeffs": [
    -0.8440699827930955,
    0.8030247931835799,
    -0.40940309993711754,
    -0.006668680878211486,
    0.12153794582444633,
    -0.1920470782928238,
    0.10547522531123737,
    -0.10571382903642995,
    -0.02016481697635092,
    0.0432872585648795,
    -0.021670124041487375,
    0.07920574564819957,
    -0.0018204844455039226,
    -0.03053921050737421,
    0.028716974648068425,
    -0.03024272896259944,
    0.006102316831314791,
    0.01712311286814036,
    -0.021445471726292985,
    0.008888794828655672,
    -0.004514687382984887,
    0.010513838033486468,
    -0.004220091691259392,
    0.034597992910856495
  ],
  "tone_amp": 0.2790751327488563,
  "noise_amp": 0.0
}