{
  "formants": {
    "2006550.0": 0.08339519007606916,
    "3241350.0": 0.03306817219903839,
    "815850.0": 0.029845079698565986,
    "88200.0": 0.0025464053652888246,
    "9194850.0": 0.0003288598106841031
  },
  "tone_amp": 0.17984240952164804,
  "noise_amp": 0.02921291205641518
}