{
  "fir": [
    0.023223876953125,
    -0.005126953125,
    -0.035003662109375,
    -0.064117431640625,
    -0.090545654296875,
    -0.117767333984375,
    -0.145477294921875,
    -0.170989990234375,
    -0.1951904296875,
    -0.21978759765625,
    -0.241607666015625,
    -0.259735107421875,
    -0.2774658203125,
    -0.293914794921875,
    -0.3067626953125,
    -0.317291259765625,
    -0.325958251953125,
    -0.332000732421875,
    -0.33453369140625,
    -0.33526611328125,
    -0.3345947265625,
    -0.330780029296875,
    -0.32354736328125,
    -0.314788818359375,
    -0.304168701171875,
    -0.291168212890625,
    -0.277008056640625,
    -0.261474609375,
    -0.24371337890625,
    -0.22308349609375,
    -0.201324462890625,
    -0.178680419921875,
    -0.155426025390625,
    -0.13140869140625,
    -0.10699462890625,
    -0.08148193359375,
    -0.05474853515625,
    -0.027252197265625,
    -0.000701904296875,
    0.02471923828125,
    0.049896240234375,
    0.074432373046875,
    0.098175048828125,
    0.121368408203125,
    0.14471435546875,
    0.1654052734375,
    0.183868408203125,
    0.2017822265625,
    0.2183837890625,
    0.232635498046875,
    0.24603271484375,
    0.259063720703125,
    0.268951416015625,
    0.27703857421875,
    0.28472900390625,
    0.290740966796875,
    0.29437255859375,
    0.29656982421875,
    0.299285888671875,
    0.2987060546875,
    0.2965087890625,
    0.295257568359375,
    0.292266845703125,
    0.286041259765625
  ],
  "tone_amp": 0.11536248606427461,
  "noise_amp": 0.003820854881009115
}