{
  "fir": [
    0.06427001953125,
    0.063018798828125,
    0.060516357421875,
    0.054412841796875,
    0.04803466796875,
    0.04608154296875,
    0.045654296875,
    0.040740966796875,
    0.031707763671875,
    0.025054931640625,
    0.021148681640625,
    0.016937255859375,
    0.010284423828125,
    0.00311279296875,
    -0.00445556640625,
    -0.01153564453125,
    -0.01806640625,
    -0.0242919921875,
    -0.032867431640625,
    -0.041229248046875,
    -0.047821044921875,
    -0.05377197265625,
    -0.06219482421875,
    -0.071044921875,
    -0.077850341796875,
    -0.0831298828125,
    -0.089996337890625,
    -0.097442626953125,
    -0.103057861328125,
    -0.10791015625,
    -0.11285400390625,
    -0.117889404296875,
    -0.122528076171875,
    -0.1259765625,
    -0.128204345703125,
    -0.129058837890625,
    -0.13116455078125,
    -0.134307861328125,
    -0.136077880859375,
    -0.134307861328125,
    -0.131622314453125,
    -0.1304931640625,
    -0.130157470703125,
    -0.128570556640625,
    -0.125,
    -0.12060546875,
    -0.116058349609375,
    -0.1116943359375,
    -0.10772705078125,
    -0.10247802734375,
    -0.09625244140625,
    -0.09027099609375,
    -0.085052490234375,
    -0.0792236328125,
    -0.071990966796875,
    -0.0653076171875,
    -0.0596923828125,
    -0.0538330078125,
    -0.047088623046875,
    -0.040771484375,
    -0.0352783203125,
    -0.029876708984375,
    -0.023895263671875,
    -0.018096923828125
  ],
  "tone_amp": 0.07904065385325078,
  "noise_amp": 0.0015650396446815608
}