{
  "fir": [
    -0.106964111328125,
    -0.111785888671875,
    -0.11602783203125,
    -0.1199951171875,
    -0.124176025390625,
    -0.127288818359375,
    -0.12908935546875,
    -0.132476806640625,
    -0.13555908203125,
    -0.13702392578125,
    -0.13861083984375,
    -0.1414794921875,
    -0.1435546875,
    -0.144439697265625,
    -0.14617919921875,
    -0.14892578125,
    -0.149200439453125,
    -0.1483154296875,
    -0.14984130859375,
    -0.15142822265625,
    -0.149810791015625,
    -0.147064208984375,
    -0.146514892578125,
    -0.144866943359375,
    -0.14111328125,
    -0.13623046875,
    -0.132843017578125,
    -0.12774658203125,
    -0.120208740234375,
    -0.11334228515625,
    -0.106842041015625,
    -0.0972900390625,
    -0.087371826171875,
    -0.078582763671875,
    -0.06939697265625,
    -0.057281494140625,
    -0.045135498046875,
    -0.034912109375,
    -0.02459716796875,
    -0.011810302734375,
    0.000579833984375,
    0.010528564453125,
    0.02178955078125,
    0.03399658203125,
    0.04425048828125,
    0.0531005859375,
    0.06329345703125,
    0.07330322265625,
    0.080718994140625,
    0.087646484375,
    0.096099853515625,
    0.102783203125,
    0.107086181640625,
    0.111846923828125,
    0.117156982421875,
    0.12060546875,
    0.123046875,
    0.125518798828125,
    0.12744140625,
    0.127838134765625,
    0.128387451171875,
    0.129241943359375,
    0.12908935546875,
    0.12762451171875
  ],
  "tone_amp": 0.0849745109423861,
  "noise_amp": 0.003381453723117848
}