{
  "coeffs": [
    -0.4984387915182824,
    0.48063265050516546,
    -0.485316892151321,
    0.07750722501573026,
    -0.15819688760300343,
    0.0005216282534145078,
    0.1591035912809281,
    -0.07690250643357852,
    0.131379064279251,
    -0.06889017979656044,
    -0.02086954530036647,
    -0.03956291971605047,
    -0.04171549812630655,
    0.080200117968805,
    -0.022502178417026147,
    0.04990647106078251,
    -0.00225014383238651,
    -0.016597769005242055,
    0.007410594581393993,
    -0.043387521266673834,
    0.03881166554820634,
    -0.015867845007386,
    0.014789008764189513,
    0.026875495746369958
  ],
  "tone_amp": 0.18973265703926684,
  "noise_amp": 0.0
}