{
  "formants": {
    "1653750.0": 0.06354961909531312,
    "859950.0": 0.022189535258201745,
    "4917150.0": 0.004523846677451501,
    "6151950.0": 0.0019177124258882687,
    "66150.0": 0.0014627622402529413
  },
  "tone_amp": 0.1278011090954927,
  "noise_amp": 0.022153403982737754
}