{
  "formants": {
    "21542850.0": 0.01431402571051347,
    "23703750.0": 0.0101169488993239,
    "22072050.0": 0.009359675893033784,
    "23086350.0": 0.009001322876830179,
    "41387850.0": 0.0066123037991124844
  },
  "tone_amp": 0.013100982086092025,
  "noise_amp": 0.07958191747480191
}