{
  "coeffs": [
    0.0008541554309359767,
    0.6782079684762284,
    -0.0075333249599201235,
    0.552616513095506,
    -0.06766445478190608,
    0.3122881187685882,
    -0.07841497610291312,
    0.11921991488516392,
    -0.11594465959077627,
    0.006877366656424733,
    -0.11185084995251017,
    -0.04825111572771542,
    -0.09862517549639666,
    -0.04702422784692994,
    -0.06373558311211738,
    -0.0417374125382523,
    -0.031349896932916024,
    -0.020885191107477115,
    -0.023227370702128006,
    -0.01942338083574707,
    -0.009217217095179654,
    -0.01898624371917675,
    -0.040982473896038485,
    0.01303604562920244
  ],
  "tone_amp": 0.0,
  "noise_amp": 0.15016928011192784
}