{
  "fir": [
    0.092559814453125,
    0.05401611328125,
    -0.029632568359375,
    -0.060821533203125,
    -0.0556640625,
    -0.0694580078125,
    -0.10882568359375,
    0.0958251953125,
    0.1744384765625,
    0.133453369140625,
    0.002899169921875,
    -0.161651611328125,
    -0.095458984375,
    0.01617431640625,
    -0.0152587890625,
    -0.0537109375,
    -0.001922607421875,
    0.158233642578125,
    0.131195068359375,
    -0.074188232421875,
    -0.171875,
    -0.073089599609375,
    0.146636962890625,
    0.094970703125,
    -0.05426025390625,
    -0.026336669921875,
    0.003204345703125,
    -0.022369384765625,
    -0.04345703125,
    0.0130615234375,
    0.0694580078125,
    0.055084228515625,
    -0.053070068359375,
    -0.1429443359375,
    -0.022003173828125,
    0.1339111328125,
    0.07525634765625,
    -0.0755615234375,
    0.02239990234375,
    0.08514404296875,
    -0.0257568359375,
    -0.106719970703125,
    -0.1220703125,
    0.119049072265625,
    0.07598876953125,
    -0.0101318359375,
    0.010406494140625,
    -0.012603759765625,
    0.01885986328125,
    -0.09820556640625,
    -0.028106689453125,
    0.0352783203125,
    0.01470947265625,
    0.045654296875,
    0.04095458984375,
    0.008880615234375,
    -0.025634765625,
    -0.01214599609375,
    -0.020599365234375,
    -0.023193359375,
    -0.02630615234375,
    0.047607421875,
    0.091766357421875,
    -0.01397705078125
  ],
  "tone_amp": 0.0068608317087670906,
  "noise_amp": 0.028383700671783894
}