{
  "formants": {
    "9371250.0": 0.01445141571545779,
    "10782450.0": 0.008510288170406598,
    "7033950.0": 0.008234284710659253,
    "12149550.0": 0.005144011934168134,
    "19646550.0": 0.002198212300356138
  },
  "tone_amp": 0.018510702211004162,
  "noise_amp": 0.10245919347215815
}