{
  "fir": [
    -0.069305419921875,
    0.004364013671875,
    0.06195068359375,
    0.08660888671875,
    0.0999755859375,
    0.114471435546875,
    0.11798095703125,
    0.090667724609375,
    0.050384521484375,
    0.01336669921875,
    -0.02899169921875,
    -0.047454833984375,
    -0.028472900390625,
    -0.027618408203125,
    -0.048431396484375,
    -0.0413818359375,
    -0.017547607421875,
    -0.00048828125,
    0.01593017578125,
    0.026641845703125,
    0.02459716796875,
    0.00616455078125,
    0.005859375,
    0.023162841796875,
    0.00537109375,
    -0.017364501953125,
    -0.024322509765625,
    -0.03021240234375,
    -0.0145263671875,
    0.0185546875,
    0.053741455078125,
    0.068267822265625,
    0.036712646484375,
    -0.026336669921875,
    -0.0711669921875,
    -0.07476806640625,
    -0.0751953125,
    -0.073486328125,
    -0.044830322265625,
    -0.01568603515625,
    0.009857177734375,
    0.0455322265625,
    0.07403564453125,
    0.095428466796875,
    0.11260986328125,
    0.1292724609375,
    0.126007080078125,
    0.090423583984375,
    0.064239501953125,
    0.021453857421875,
    -0.05987548828125,
    -0.127655029296875,
    -0.153106689453125,
    -0.144683837890625,
    -0.146514892578125,
    -0.148834228515625,
    -0.1068115234375,
    -0.048095703125,
    -0.017486572265625,
    -0.0030517578125,
    0.034698486328125,
    0.072296142578125,
    0.0791015625,
    0.0804443359375
  ],
  "tone_amp": 0.00899897831650949,
  "noise_amp": 0.036454424460129906
}