{
  "coeffs": [
    -1.1421052603200996,
    1.2291015098771672,
    -1.2285774964511529,
    1.1681132407074997,
    -1.1025480400275014,
    0.9543029456536658,
    -0.8270625130526781,
    0.6859392020772651,
    -0.5785400300884365,
    0.45140704584657554,
    -0.3660200142243359,
    0.26569533061687944,
    -0.21912550939152078,
    0.15902046699595204,
    -0.13743151072071524,
    0.09797184289450714,
    -0.08459263669078082,
    0.0562960672453132,
    -0.04831461905606412,
    0.029148976481476956,
    -0.025873460725135054,
    0.00986457890812607,
    -0.008566237632784714,
    0.0354799033083427
  ],
  "tone_amp": 0.0,
  "noise_amp": 0.1153634091388045
}