{
  "coeffs": [
    -1.5403234758959796,
    1.8822884131431725,
    -1.9398494343883483,
    1.7505635782311677,
    -1.398759143186651,
    0.994892957686807,
    -0.6144117071645622,
    0.3199366305049346,
    -0.1149977576384932,
    -0.009161980586908647,
    0.07638258685268859,
    -0.09642860941522724,
    0.0906680536603382,
    -0.0743522576576145,
    0.0605556386401877,
    -0.048733654705614415,
    0.040078024218232505,
    -0.030894344650094455,
    0.016746050168092847,
    -0.007473247038379005,
    0.00039394833024248557,
    0.0013708908671683836,
    -0.0012097821869318458,
    0.025638482282841657
  ],
  "tone_amp": 0.07562013568489122,
  "noise_amp": 0.06497728116772
}