{
  "formants": {
    "418950.0": 0.025755604925985394,
    "1212750.0": 0.015778194253815984,
    "9944550.0": 0.009885808911539298,
    "10870650.0": 0.006505186885828665,
    "8709750.0": 0.005726608321093491
  },
  "tone_amp": 0.04868771972547738,
  "noise_amp": 0.0757944720457646
}