{
  "coeffs": [
    -0.13142167809213393,
    0.39581278940975634,
    -0.058241099093556514,
    0.3032254183717282,
    0.019067853430266735,
    0.18358861017449324,
    0.02218855860438034,
    0.0780689318218989,
    0.009990188656583663,
    0.03893941879728822,
    -0.014432038298444473,
    0.0012889252465963098,
    -0.025392250886082192,
    -0.013304968071288172,
    -0.02989300023422567,
    -0.015227933828243934,
    -0.026594030608561012,
    -0.01753388237629868,
    -0.014023980135373544,
    -0.020759828443398576,
    -0.015068152273139348,
    -0.007710774044115558,
    -0.052345198532999314,
    0.011715887231050165
  ],
  "tone_amp": 0.0,
  "noise_amp": 0.04013352949622739
}