{
  "fir": [
    -0.04888916015625,
    -0.00396728515625,
    -0.026885986328125,
    0.000885009765625,
    0.0087890625,
    -0.023773193359375,
    0.0103759765625,
    0.02093505859375,
    0.07177734375,
    0.0467529296875,
    -0.017974853515625,
    -0.0108642578125,
    0.02197265625,
    -0.02008056640625,
    -0.07318115234375,
    0.032684326171875,
    0.064849853515625,
    -0.05096435546875,
    -0.080596923828125,
    -0.005950927734375,
    0.0272216796875,
    0.015838623046875,
    0.023895263671875,
    0.026763916015625,
    -0.04638671875,
    0.000885009765625,
    0.068572998046875,
    0.038330078125,
    0.0316162109375,
    -0.0308837890625,
    -0.039794921875,
    0.014007568359375,
    -0.02239990234375,
    -0.010894775390625,
    0.015472412109375,
    -0.053680419921875,
    -0.03790283203125,
    0.049774169921875,
    0.034942626953125,
    -0.040069580078125,
    0.00042724609375,
    0.064239501953125,
    0.055816650390625,
    -0.006134033203125,
    -0.02557373046875,
    -0.01336669921875,
    0.023651123046875,
    0.004486083984375,
    -0.034210205078125,
    -0.037750244140625,
    -0.007965087890625,
    0.029754638671875,
    0.02899169921875,
    -0.01129150390625,
    0.006378173828125,
    -0.0330810546875,
    -0.00531005859375,
    0.022857666015625,
    0.039093017578125,
    0.001220703125,
    -0.020904541015625,
    0.019775390625,
    0.003387451171875,
    0.01202392578125
  ],
  "tone_amp": 0.0022148321091619285,
  "noise_amp": 0.00912729860600842
}