{
  "formants": {
    "56999250.0": 0.00216123290346889,
    "36272250.0": 0.0020470664673251514,
    "38477250.0": 0.0020383521123603595,
    "45092250.0": 0.002003791293963722,
    "48576150.0": 0.001934869018834886
  },
  "tone_amp": 0.003701285029210365,
  "noise_amp": 0.02615366762330705
}