{
  "fir": [
    0.039764404296875,
    0.03814697265625,
    0.033538818359375,
    0.03369140625,
    0.038360595703125,
    0.039031982421875,
    0.031768798828125,
    0.02685546875,
    0.02679443359375,
    0.02783203125,
    0.029632568359375,
    0.032379150390625,
    0.03289794921875,
    0.03387451171875,
    0.038421630859375,
    0.03814697265625,
    0.031402587890625,
    0.024932861328125,
    0.03143310546875,
    0.04718017578125,
    0.04132080078125,
    0.02484130859375,
    0.027984619140625,
    0.04010009765625,
    0.03387451171875,
    0.01983642578125,
    0.029144287109375,
    0.036224365234375,
    0.02862548828125,
    0.02313232421875,
    0.02484130859375,
    0.030670166015625,
    0.033721923828125,
    0.03790283203125,
    0.031646728515625,
    0.02008056640625,
    0.02557373046875,
    0.0372314453125,
    0.029296875,
    0.01312255859375,
    0.018035888671875,
    0.027801513671875,
    0.02197265625,
    0.0137939453125,
    0.015167236328125,
    0.0201416015625,
    0.01385498046875,
    0.010833740234375,
    0.016510009765625,
    0.010650634765625,
    0.010284423828125,
    0.023193359375,
    0.023590087890625,
    0.010650634765625,
    0.011566162109375,
    0.021881103515625,
    0.014068603515625,
    0.00164794921875,
    0.0089111328125,
    0.01373291015625,
    0.005523681640625,
    0.00506591796875,
    0.01458740234375,
    0.011688232421875
  ],
  "tone_amp": 0.016194840421504608,
  "noise_amp": 0.0024306272930548077
}