{
  "coeffs": [
    -0.577289601070709,
    0.4174786060431436,
    -0.34627889080801066,
    0.16484052974132135,
    -0.12722612109346926,
    0.12916313776066385,
    -0.040145458544467494,
    0.056069912204139746,
    0.005524531599313952,
    0.01430642516823247,
    0.006743104089485606,
    -0.0018621272265054722,
    0.0021512405938054688,
    0.00200215716778384,
    -0.004269834322283878,
    0.004169569257605497,
    0.003847850862587581,
    0.007427298104527753,
    0.004080353592643145,
    0.014892050904928154,
    0.007112589935801097,
    0.00833803779662853,
    -0.026919214010438154,
    0.04009080039273321
  ],
  "tone_amp": 0.04843175665623224,
  "noise_amp": 0.0
}