{
  "formants": {
    "815850.0": 0.013988881368073879,
    "66150.0": 0.0008847564458847046,
    "38080350.0": 0.0008507798730936993,
    "39006450.0": 0.0008423343577635974,
    "33626250.0": 0.0007982218381815972
  },
  "tone_amp": 0.0374564810861986,
  "noise_amp": 0.013945176127263353
}