{
  "coeffs": [
    -1.2806051712184878,
    1.4015366054854037,
    -1.3086359172547468,
    0.9023048781602405,
    -0.4045875329017179,
    -0.02561995798313177,
    0.2976801221464612,
    -0.36333077945302245,
    0.2569843740945886,
    -0.11647052257804624,
    -0.017906081422531694,
    0.12153547934277083,
    -0.1185041072314251,
    0.07004709302673187,
    -0.019257797423736026,
    -0.0358373899893131,
    0.05558169607847969,
    -0.039816067811808756,
    0.014523200354334659,
    0.0030001305889234414,
    -0.014737265866553849,
    0.015412155677528233,
    -0.005088334057653937,
    0.028279262117298427
  ],
  "tone_amp": 0.2650105115404341,
  "noise_amp": 0.0
}