{
  "formants": {
    "2403450.0": 0.09730202321628856,
    "815850.0": 0.03607663450814524,
    "4784850.0": 0.011952508052900258,
    "9547650.0": 0.003839218039908241,
    "88200.0": 0.0027439792784804866
  },
  "tone_amp": 0.2079747381007504,
  "noise_amp": 0.04075867575046289
}