{
  "fir": [
    0.02069091796875,
    0.02252197265625,
    0.03118896484375,
    0.0404052734375,
    0.0513916015625,
    0.0599365234375,
    0.059295654296875,
    0.060455322265625,
    0.068267822265625,
    0.0748291015625,
    0.0828857421875,
    0.093841552734375,
    0.101959228515625,
    0.105010986328125,
    0.1038818359375,
    0.100433349609375,
    0.10003662109375,
    0.102874755859375,
    0.104339599609375,
    0.101531982421875,
    0.0986328125,
    0.1019287109375,
    0.10491943359375,
    0.10406494140625,
    0.102630615234375,
    0.10162353515625,
    0.102752685546875,
    0.108428955078125,
    0.1131591796875,
    0.117950439453125,
    0.125274658203125,
    0.125885009765625,
    0.117645263671875,
    0.108184814453125,
    0.09930419921875,
    0.09326171875,
    0.087738037109375,
    0.0772705078125,
    0.065948486328125,
    0.055938720703125,
    0.04095458984375,
    0.0238037109375,
    0.010833740234375,
    0.001800537109375,
    -0.00244140625,
    -0.00665283203125,
    -0.014923095703125,
    -0.023773193359375,
    -0.0286865234375,
    -0.032806396484375,
    -0.0399169921875,
    -0.048309326171875,
    -0.05419921875,
    -0.06170654296875,
    -0.071624755859375,
    -0.07843017578125,
    -0.083740234375,
    -0.087677001953125,
    -0.0867919921875,
    -0.09063720703125,
    -0.0975341796875,
    -0.09539794921875,
    -0.090484619140625,
    -0.086761474609375
  ],
  "tone_amp": 0.11999942073518742,
  "noise_amp": 0.005721622364954968
}