{
  "fir": [
    -0.2723388671875,
    -0.255218505859375,
    -0.2371826171875,
    -0.21197509765625,
    -0.188690185546875,
    -0.16473388671875,
    -0.1295166015625,
    -0.090118408203125,
    -0.061370849609375,
    -0.04132080078125,
    -0.013702392578125,
    0.022247314453125,
    0.051788330078125,
    0.07928466796875,
    0.114471435546875,
    0.1456298828125,
    0.169097900390625,
    0.195648193359375,
    0.22698974609375,
    0.256622314453125,
    0.282684326171875,
    0.30841064453125,
    0.331024169921875,
    0.34454345703125,
    0.3558349609375,
    0.37261962890625,
    0.384429931640625,
    0.386566162109375,
    0.390045166015625,
    0.39697265625,
    0.398712158203125,
    0.392608642578125,
    0.38641357421875,
    0.388275146484375,
    0.389404296875,
    0.383148193359375,
    0.374908447265625,
    0.367156982421875,
    0.35687255859375,
    0.34515380859375,
    0.333709716796875,
    0.32342529296875,
    0.312164306640625,
    0.297393798828125,
    0.28192138671875,
    0.2669677734375,
    0.25164794921875,
    0.241943359375,
    0.23602294921875,
    0.225433349609375,
    0.208892822265625,
    0.193695068359375,
    0.183502197265625,
    0.174285888671875,
    0.158355712890625,
    0.141357421875,
    0.128997802734375,
    0.113433837890625,
    0.09222412109375,
    0.072784423828125,
    0.0596923828125,
    0.04693603515625,
    0.028167724609375,
    0.00921630859375
  ],
  "tone_amp": 0.12234004449173337,
  "noise_amp": 0.002581030531540685
}