{
  "formants": {
    "2050650.0": 0.057946083351187096,
    "418950.0": 0.033186382974000554,
    "4035150.0": 0.01310867050563642,
    "44100.0": 0.002105620077270933,
    "12061350.0": 0.0015271047652242894
  },
  "tone_amp": 0.17833361733837358,
  "noise_amp": 0.018027399743322105
}