{
  "coeffs": [
    -1.1006182822676296,
    1.0837520473275326,
    -0.6840396260356731,
    0.19462151777468628,
    0.08476996586674446,
    -0.28166161972529435,
    0.24472087237756746,
    -0.18828918814822854,
    0.08782602278036655,
    0.053193204016761114,
    -0.11758452856714327,
    0.16161727237759912,
    -0.08162733985952214,
    -0.017020397927210468,
    0.06427891469959161,
    -0.09896928666457343,
    0.04702786207240165,
    -0.002524087807043579,
    -0.0265574116785202,
    0.04785284620479066,
    -0.025840443583077806,
    0.021895019120825303,
    -0.01304151641432966,
    0.031512223423910316
  ],
  "tone_amp": 0.26737520650739566,
  "noise_amp": 0.0
}