{
  "fir": [
    -0.002685546875,
    -0.04541015625,
    -0.030853271484375,
    -0.008636474609375,
    -0.053009033203125,
    -0.075042724609375,
    -0.029937744140625,
    0.00152587890625,
    -0.043487548828125,
    -0.03662109375,
    -0.03729248046875,
    -0.059906005859375,
    -0.078125,
    -0.053436279296875,
    -0.030975341796875,
    -0.074371337890625,
    -0.081939697265625,
    -0.019622802734375,
    -0.03533935546875,
    -0.063018798828125,
    -0.0548095703125,
    -0.04376220703125,
    -0.08685302734375,
    -0.073486328125,
    -0.040618896484375,
    -0.027435302734375,
    -0.038726806640625,
    -0.0748291015625,
    -0.0513916015625,
    -0.073516845703125,
    -0.085479736328125,
    -0.05633544921875,
    -0.06549072265625,
    -0.0740966796875,
    -0.0841064453125,
    -0.07391357421875,
    -0.049835205078125,
    -0.08251953125,
    -0.10400390625,
    -0.087921142578125,
    -0.08319091796875,
    -0.08416748046875,
    -0.0755615234375,
    -0.069427490234375,
    -0.070648193359375,
    -0.09185791015625,
    -0.1080322265625,
    -0.092987060546875,
    -0.09344482421875,
    -0.124298095703125,
    -0.1156005859375,
    -0.08282470703125,
    -0.093505859375,
    -0.109588623046875,
    -0.11102294921875,
    -0.0909423828125,
    -0.1002197265625,
    -0.109375,
    -0.096527099609375,
    -0.0894775390625,
    -0.09405517578125,
    -0.104705810546875,
    -0.109649658203125,
    -0.1009521484375
  ],
  "tone_amp": 0.019910131195322978,
  "noise_amp": 0.004514205181114609
}