{
  "coeffs": [
    -0.41504726100211864,
    0.2913678116915422,
    -0.30531877795036383,
    0.1467410460487684,
    -0.1227684261388064,
    0.14163184030482429,
    -0.07217078537282076,
    0.0805387247085191,
    -0.026083626056605136,
    0.042531052411772644,
    -0.009353888058018053,
    0.020108033028591564,
    -0.011841025118188006,
    0.014352571454965452,
    -0.01050051629887926,
    0.007204240531596439,
    -0.00894368436465848,
    0.018211276090470314,
    0.0035491581048029104,
    0.02100109390542717,
    0.010757823877091106,
    0.014671541962206184,
    -0.030347712338573453,
    0.04005027582280348
  ],
  "tone_amp": 0.042064891159545606,
  "noise_amp": 0.025872319010176264
}