{
  "formants": {
    "418950.0": 0.02166152635543799,
    "44100.0": 0.00180667422193511,
    "48487950.0": 0.001398833740358023,
    "9238950.0": 0.0013884450873385592,
    "49105350.0": 0.0012239103751890208
  },
  "tone_amp": 0.04602286874142767,
  "noise_amp": 0.024321919987910178
}