{
  "coeffs": [
    -0.4161534865293486,
    0.3062959620708498,
    0.18966828354228538,
    -0.3746327072684443,
    0.05378582043840803,
    -0.11661876574692692,
    -0.24346765058359554,
    0.05773164330324246,
    -0.01059161112272633,
    -0.004341646720399633,
    0.1515924619013968,
    0.01711093659320436,
    -0.004622833267603377,
    0.071636376343328,
    -0.046126046979530856,
    -0.04278511383607769,
    0.022235839069761856,
    -0.03732709832887049,
    -0.0035056991220346403,
    0.03723130771777868,
    0.0027106863957831982,
    0.01109500527273628,
    -0.010955747822371967,
    0.028135461424927226
  ],
  "tone_amp": 0.18220247630028094,
  "noise_amp": 0.0
}