{
  "formants": {
    "1212750.0": 0.04362463811639704,
    "3241350.0": 0.014767374666351713,
    "88200.0": 0.0020485388253906286,
    "37507050.0": 0.000309811534682419,
    "25952850.0": 0.0003015046185516531
  },
  "tone_amp": 0.11480202246887256,
  "noise_amp": 0.010712945074785445
}