{
  "coeffs": [
    -0.9357209236635059,
    0.9715684634955165,
    -1.084969495440463,
    0.9721175499981196,
    -0.7722790657927144,
    0.5544223421124295,
    -0.38394536542831526,
    0.20467365270605783,
    0.006283282150210456,
    -0.10360795355042886,
    0.10829575292250423,
    -0.12629469304587232,
    0.14186199953513096,
    -0.06878889680212105,
    0.013895584446578582,
    -0.0020736142164703847,
    -0.028546127149694404,
    0.04171672861846769,
    -0.038836005747699076,
    0.030866014632837026,
    -0.027630126936713566,
    0.030054732819380522,
    -0.01119454973981377,
    0.0331037988592396
  ],
  "tone_amp": 0.1749273501156083,
  "noise_amp": 0.0
}