{
  "formants": {
    "1212750.0": 0.048177408813013134,
    "8797950.0": 0.004868054551998037,
    "11576250.0": 0.0039529028557046975,
    "9988650.0": 0.0017046998590379957,
    "44100.0": 0.0012817421280883806
  },
  "tone_amp": 0.10456348827586393,
  "noise_amp": 0.01562527531580586
}