{
  "coeffs": [
    -0.5728338843671725,
    0.8286324222869881,
    -0.6427307753001961,
    0.7226192295759702,
    -0.6632367116028135,
    0.5767641231481409,
    -0.5546004360524485,
    0.39520224184532676,
    -0.40157290906987064,
    0.28918465672332827,
    -0.2821028346136632,
    0.2140617917018207,
    -0.16859730497509356,
    0.16418816524112084,
    -0.10016531668239699,
    0.12391515129275817,
    -0.05225966469050718,
    0.06917061317279892,
    -0.03824415179566229,
    0.0300674369725122,
    -0.024423795789829436,
    0.0018023670943004499,
    -0.03471049554507462,
    0.02589583375870005
  ],
  "tone_amp": 0.03219350064638795,
  "noise_amp": 0.056502323813382584
}