{
  "formants": {
    "418950.0": 0.01172244618676709,
    "21719250.0": 0.005593235614025591,
    "24365250.0": 0.0044956065141095345,
    "22601250.0": 0.00446143477849013,
    "21190050.0": 0.0038627465659030694
  },
  "tone_amp": 0.024271651987519818,
  "noise_amp": 0.055625181609651755
}