{
  "fir": [
    -0.03570556640625,
    -0.00775146484375,
    -0.029052734375,
    -0.026275634765625,
    0.00579833984375,
    0.0023193359375,
    -0.019744873046875,
    -0.031646728515625,
    -0.042694091796875,
    -0.0325927734375,
    -0.013671875,
    0.008392333984375,
    0.032928466796875,
    0.025482177734375,
    0.013153076171875,
    -0.001129150390625,
    -0.018463134765625,
    -0.006011962890625,
    -0.003936767578125,
    -0.009185791015625,
    0.02166748046875,
    0.053558349609375,
    0.060699462890625,
    0.04327392578125,
    0.01165771484375,
    0.007720947265625,
    0.019256591796875,
    0.02191162109375,
    0.024383544921875,
    0.026123046875,
    0.043853759765625,
    0.06011962890625,
    0.064544677734375,
    0.063446044921875,
    0.04400634765625,
    0.026763916015625,
    0.021728515625,
    0.0289306640625,
    0.046875,
    0.0589599609375,
    0.06512451171875,
    0.073486328125,
    0.07135009765625,
    0.05108642578125,
    0.032745361328125,
    0.02874755859375,
    0.036407470703125,
    0.047943115234375,
    0.060577392578125,
    0.070343017578125,
    0.072418212890625,
    0.0638427734375,
    0.04888916015625,
    0.02740478515625,
    0.01171875,
    0.01983642578125,
    0.045379638671875,
    0.069976806640625,
    0.07501220703125,
    0.05804443359375,
    0.039337158203125,
    0.03143310546875,
    0.027099609375,
    0.018768310546875
  ],
  "tone_amp": 0.007430477820097378,
  "noise_amp": 0.016416624490799763
}